event_label,event_year,player_name,position,club,source_url
2010 AFF Suzuki Cup,2010,Neil Etheridge,GK,Fulham,https://en.wikipedia.org/wiki/2010_AFF_Championship_squads
2010 AFF Suzuki Cup,2010,Rob Gier,DF,Ascot United,https://en.wikipedia.org/wiki/2010_AFF_Championship_squads
2010 AFF Suzuki Cup,2010,Anton del Rosario,DF,Kaya,https://en.wikipedia.org/wiki/2010_AFF_Championship_squads
2010 AFF Suzuki Cup,2010,Roel Gener,MF,Philippine Army,https://en.wikipedia.org/wiki/2010_AFF_Championship_squads
2010 AFF Suzuki Cup,2010,James Younghusband,FW,Farnborough,https://en.wikipedia.org/wiki/2010_AFF_Championship_squads
2010 AFF Suzuki Cup,2010,Yanti Barsales,FW,Philippine Air Force,https://en.wikipedia.org/wiki/2010_AFF_Championship_squads
2010 AFF Suzuki Cup,2010,Phil Younghusband,FW,San Beda,https://en.wikipedia.org/wiki/2010_AFF_Championship_squads
2010 AFF Suzuki Cup,2010,Aly Borromeo,DF,Kaya,https://en.wikipedia.org/wiki/2010_AFF_Championship_squads
2010 AFF Suzuki Cup,2010,Emelio Caligdong,FW,Philippine Air Force,https://en.wikipedia.org/wiki/2010_AFF_Championship_squads
2010 AFF Suzuki Cup,2010,Mark Ferrer,MF,Philippine Air Force,https://en.wikipedia.org/wiki/2010_AFF_Championship_squads
2010 AFF Suzuki Cup,2010,Rey Palmes,MF,Philippine Air Force,https://en.wikipedia.org/wiki/2010_AFF_Championship_squads
2010 AFF Suzuki Cup,2010,Jason de Jong,MF,Veendam,https://en.wikipedia.org/wiki/2010_AFF_Championship_squads
2010 AFF Suzuki Cup,2010,Chris Greatwich,MF,Morris County Colonials,https://en.wikipedia.org/wiki/2010_AFF_Championship_squads
2010 AFF Suzuki Cup,2010,Nestorio Margarse,MF,Philippine Army,https://en.wikipedia.org/wiki/2010_AFF_Championship_squads
2010 AFF Suzuki Cup,2010,Peter Jaugan,FW,Philippine Air Force,https://en.wikipedia.org/wiki/2010_AFF_Championship_squads
2010 AFF Suzuki Cup,2010,Eduard Sacapaño,GK,Philippine Army,https://en.wikipedia.org/wiki/2010_AFF_Championship_squads
2010 AFF Suzuki Cup,2010,Ian Araneta,FW,Philippine Air Force,https://en.wikipedia.org/wiki/2010_AFF_Championship_squads
2010 AFF Suzuki Cup,2010,Joebel Bermejo,DF,Philippine Air Force,https://en.wikipedia.org/wiki/2010_AFF_Championship_squads
2010 AFF Suzuki Cup,2010,David Basa,DF,University of Santo Tomas,https://en.wikipedia.org/wiki/2010_AFF_Championship_squads
2010 AFF Suzuki Cup,2010,Ray Jónsson,DF,Grindavík,https://en.wikipedia.org/wiki/2010_AFF_Championship_squads
2010 AFF Suzuki Cup,2010,Kristopher Relucio,DF,Laos,https://en.wikipedia.org/wiki/2010_AFF_Championship_squads
2010 AFF Suzuki Cup,2010,Mark Drinkuth,DF,Agon Düsseldorf,https://en.wikipedia.org/wiki/2010_AFF_Championship_squads
2012 AFC Challenge Cup,2012,Neil Etheridge,GK,Fulham,https://en.wikipedia.org/wiki/2012_AFC_Challenge_Cup_squads
2012 AFC Challenge Cup,2012,Rob Gier,DF,Ascot United,https://en.wikipedia.org/wiki/2012_AFC_Challenge_Cup_squads
2012 AFC Challenge Cup,2012,Juan Luis Guirado,DF,Global FC,https://en.wikipedia.org/wiki/2012_AFC_Challenge_Cup_squads
2012 AFC Challenge Cup,2012,Roel Gener,DF,Philippine Army,https://en.wikipedia.org/wiki/2012_AFC_Challenge_Cup_squads
2012 AFC Challenge Cup,2012,James Younghusband,MF,Loyola,https://en.wikipedia.org/wiki/2012_AFC_Challenge_Cup_squads
2012 AFC Challenge Cup,2012,Misagh Bahadoran,MF,Global FC,https://en.wikipedia.org/wiki/2012_AFC_Challenge_Cup_squads
2012 AFC Challenge Cup,2012,Phil Younghusband,FW,Loyola,https://en.wikipedia.org/wiki/2012_AFC_Challenge_Cup_squads
2012 AFC Challenge Cup,2012,Ángel Guirado,FW,Global FC,https://en.wikipedia.org/wiki/2012_AFC_Challenge_Cup_squads
2012 AFC Challenge Cup,2012,Emelio Caligdong,MF,Philippine Air Force,https://en.wikipedia.org/wiki/2012_AFC_Challenge_Cup_squads
2012 AFC Challenge Cup,2012,Carli de Murga,DF,Global FC,https://en.wikipedia.org/wiki/2012_AFC_Challenge_Cup_squads
2012 AFC Challenge Cup,2012,Jason de Jong,MF,Dordrecht,https://en.wikipedia.org/wiki/2012_AFC_Challenge_Cup_squads
2012 AFC Challenge Cup,2012,Nestorio Margarse,MF,Philippine Army,https://en.wikipedia.org/wiki/2012_AFC_Challenge_Cup_squads
2012 AFC Challenge Cup,2012,Paul Mulders,MF,ADO Den Haag,https://en.wikipedia.org/wiki/2012_AFC_Challenge_Cup_squads
2012 AFC Challenge Cup,2012,Ian Araneta,FW,Philippine Air Force,https://en.wikipedia.org/wiki/2012_AFC_Challenge_Cup_squads
2012 AFC Challenge Cup,2012,Marwin Angeles,MF,Laos FC,https://en.wikipedia.org/wiki/2012_AFC_Challenge_Cup_squads
2012 AFC Challenge Cup,2012,Ray Jónsson,DF,Grindavik,https://en.wikipedia.org/wiki/2012_AFC_Challenge_Cup_squads
2012 AFC Challenge Cup,2012,Lexton Moy,MF,Kaya,https://en.wikipedia.org/wiki/2012_AFC_Challenge_Cup_squads
2012 AFC Challenge Cup,2012,Dennis Cagara,DF,FSV Frankfurt,https://en.wikipedia.org/wiki/2012_AFC_Challenge_Cup_squads
2012 AFC Challenge Cup,2012,Roxy Dorlas,DF,Loyola,https://en.wikipedia.org/wiki/2012_AFC_Challenge_Cup_squads
2012 AFC Challenge Cup,2012,Angelo Verheye,MF,Gent,https://en.wikipedia.org/wiki/2012_AFC_Challenge_Cup_squads
2012 AFC Challenge Cup,2012,Eduard Sacapaño,GK,Philippine Army,https://en.wikipedia.org/wiki/2012_AFC_Challenge_Cup_squads
2012 AFC Challenge Cup,2012,Jason Sabio,DF,Kaya,https://en.wikipedia.org/wiki/2012_AFC_Challenge_Cup_squads
2012 AFC Challenge Cup,2012,Paolo Pascual,GK,Global FC,https://en.wikipedia.org/wiki/2012_AFC_Challenge_Cup_squads
2012 AFF Suzuki Cup,2012,Rob Gier,DF,Ascot United,https://en.wikipedia.org/wiki/2012_AFF_Championship_squads
2012 AFF Suzuki Cup,2012,Jason Sabio,DF,Kaya,https://en.wikipedia.org/wiki/2012_AFF_Championship_squads
2012 AFF Suzuki Cup,2012,Juan Luis Guirado,DF,Racing Lermeño,https://en.wikipedia.org/wiki/2012_AFF_Championship_squads
2012 AFF Suzuki Cup,2012,James Younghusband,MF,Loyola,https://en.wikipedia.org/wiki/2012_AFF_Championship_squads
2012 AFF Suzuki Cup,2012,Dennis Cagara,DF,Karlsruher SC,https://en.wikipedia.org/wiki/2012_AFF_Championship_squads
2012 AFF Suzuki Cup,2012,Phil Younghusband,FW,Loyola,https://en.wikipedia.org/wiki/2012_AFF_Championship_squads
2012 AFF Suzuki Cup,2012,Eduard Sacapaño,GK,Philippine Army,https://en.wikipedia.org/wiki/2012_AFF_Championship_squads
2012 AFF Suzuki Cup,2012,Ángel Guirado,FW,Salgaocar,https://en.wikipedia.org/wiki/2012_AFF_Championship_squads
2012 AFF Suzuki Cup,2012,Emelio Caligdong,MF,Philippine Air Force,https://en.wikipedia.org/wiki/2012_AFF_Championship_squads
2012 AFF Suzuki Cup,2012,Carli de Murga,DF,Global,https://en.wikipedia.org/wiki/2012_AFF_Championship_squads
2012 AFF Suzuki Cup,2012,Chris Greatwich,MF,Morris County Colonials,https://en.wikipedia.org/wiki/2012_AFF_Championship_squads
2012 AFF Suzuki Cup,2012,Jerry Lucena,MF,Esbjerg,https://en.wikipedia.org/wiki/2012_AFF_Championship_squads
2012 AFF Suzuki Cup,2012,Denis Wolf,FW,Global,https://en.wikipedia.org/wiki/2012_AFF_Championship_squads
2012 AFF Suzuki Cup,2012,Jason de Jong,MF,Stallion,https://en.wikipedia.org/wiki/2012_AFF_Championship_squads
2012 AFF Suzuki Cup,2012,Paul Mulders,MF,ADO Den Haag,https://en.wikipedia.org/wiki/2012_AFF_Championship_squads
2012 AFF Suzuki Cup,2012,Marwin Angeles,MF,Global,https://en.wikipedia.org/wiki/2012_AFF_Championship_squads
2012 AFF Suzuki Cup,2012,Ray Jónsson,DF,Grindavik,https://en.wikipedia.org/wiki/2012_AFF_Championship_squads
2012 AFF Suzuki Cup,2012,Jeffrey Christiaens,MF,Global,https://en.wikipedia.org/wiki/2012_AFF_Championship_squads
2012 AFF Suzuki Cup,2012,Patrick Reichelt,MF,Global,https://en.wikipedia.org/wiki/2012_AFF_Championship_squads
2012 AFF Suzuki Cup,2012,Ref Cuaresma,GK,Loyola,https://en.wikipedia.org/wiki/2012_AFF_Championship_squads
2012 AFF Suzuki Cup,2012,Demitrius Omphroy,MF,Global,https://en.wikipedia.org/wiki/2012_AFF_Championship_squads
2012 AFF Suzuki Cup,2012,Roland Müller,GK,MSV Duisburg,https://en.wikipedia.org/wiki/2012_AFF_Championship_squads
2014 AFC Challenge Cup,2014,Neil Etheridge,GK,Fulham,https://en.wikipedia.org/wiki/2014_AFC_Challenge_Cup_squads
2014 AFC Challenge Cup,2014,Rob Gier,DF,Ascot United,https://en.wikipedia.org/wiki/2014_AFC_Challenge_Cup_squads
2014 AFC Challenge Cup,2014,Daisuke Sato,DF,Global,https://en.wikipedia.org/wiki/2014_AFC_Challenge_Cup_squads
2014 AFC Challenge Cup,2014,Anton del Rosario,DF,Kaya,https://en.wikipedia.org/wiki/2014_AFC_Challenge_Cup_squads
2014 AFC Challenge Cup,2014,Juan Luis Guirado,DF,Burgos,https://en.wikipedia.org/wiki/2014_AFC_Challenge_Cup_squads
2014 AFC Challenge Cup,2014,Jason de Jong,MF,Global,https://en.wikipedia.org/wiki/2014_AFC_Challenge_Cup_squads
2014 AFC Challenge Cup,2014,James Younghusband,MF,Loyola Meralco Sparks,https://en.wikipedia.org/wiki/2014_AFC_Challenge_Cup_squads
2014 AFC Challenge Cup,2014,Dennis Cagara,DF,Lyngby,https://en.wikipedia.org/wiki/2014_AFC_Challenge_Cup_squads
2014 AFC Challenge Cup,2014,Kenshiro Daniels,FW,Kaya,https://en.wikipedia.org/wiki/2014_AFC_Challenge_Cup_squads
2014 AFC Challenge Cup,2014,Phil Younghusband,FW,Loyola Meralco Sparks,https://en.wikipedia.org/wiki/2014_AFC_Challenge_Cup_squads
2014 AFC Challenge Cup,2014,Patrick Reichelt,MF,Ceres,https://en.wikipedia.org/wiki/2014_AFC_Challenge_Cup_squads
2014 AFC Challenge Cup,2014,Amani Aguinaldo,DF,Global,https://en.wikipedia.org/wiki/2014_AFC_Challenge_Cup_squads
2014 AFC Challenge Cup,2014,Ruben Doctora,FW,Stallion,https://en.wikipedia.org/wiki/2014_AFC_Challenge_Cup_squads
2014 AFC Challenge Cup,2014,Simon Greatwich,DF,Loyola Meralco Sparks,https://en.wikipedia.org/wiki/2014_AFC_Challenge_Cup_squads
2014 AFC Challenge Cup,2014,Roland Müller,GK,Servette FC,https://en.wikipedia.org/wiki/2014_AFC_Challenge_Cup_squads
2014 AFC Challenge Cup,2014,Patrick Deyto,GK,Green Archers United,https://en.wikipedia.org/wiki/2014_AFC_Challenge_Cup_squads
2014 AFC Challenge Cup,2014,Stephan Schröck,MF,Eintracht Frankfurt,https://en.wikipedia.org/wiki/2014_AFC_Challenge_Cup_squads
2014 AFC Challenge Cup,2014,Chris Greatwich,MF,Kaya,https://en.wikipedia.org/wiki/2014_AFC_Challenge_Cup_squads
2014 AFC Challenge Cup,2014,Jerry Lucena,MF,Esbjerg,https://en.wikipedia.org/wiki/2014_AFC_Challenge_Cup_squads
2014 AFC Challenge Cup,2014,OJ Porteria,MF,Kaya,https://en.wikipedia.org/wiki/2014_AFC_Challenge_Cup_squads
2014 AFC Challenge Cup,2014,Martin Steuble,MF,Wil,https://en.wikipedia.org/wiki/2014_AFC_Challenge_Cup_squads
2014 AFC Challenge Cup,2014,Paul Mulders,MF,SC Cambuur,https://en.wikipedia.org/wiki/2014_AFC_Challenge_Cup_squads
2014 AFC Challenge Cup,2014,Simone Rota,DF,Stallion,https://en.wikipedia.org/wiki/2014_AFC_Challenge_Cup_squads
2014 AFF Suzuki Cup,2014,Rob Gier,DF,Ascot United,https://en.wikipedia.org/wiki/2014_AFF_Championship_squads
2014 AFF Suzuki Cup,2014,Juan Luis Guirado,DF,Ceres,https://en.wikipedia.org/wiki/2014_AFF_Championship_squads
2014 AFF Suzuki Cup,2014,James Younghusband,MF,Loyola Meralco Sparks,https://en.wikipedia.org/wiki/2014_AFF_Championship_squads
2014 AFF Suzuki Cup,2014,Manuel Ott,MF,Ceres,https://en.wikipedia.org/wiki/2014_AFF_Championship_squads
2014 AFF Suzuki Cup,2014,Misagh Bahadoran,MF,Global,https://en.wikipedia.org/wiki/2014_AFF_Championship_squads
2014 AFF Suzuki Cup,2014,Phil Younghusband,FW,Loyola Meralco Sparks,https://en.wikipedia.org/wiki/2014_AFF_Championship_squads
2014 AFF Suzuki Cup,2014,Daisuke Sato,DF,Global,https://en.wikipedia.org/wiki/2014_AFF_Championship_squads
2014 AFF Suzuki Cup,2014,Amani Aguinaldo,DF,Global,https://en.wikipedia.org/wiki/2014_AFF_Championship_squads
2014 AFF Suzuki Cup,2014,Patrick Deyto,GK,Global,https://en.wikipedia.org/wiki/2014_AFF_Championship_squads
2014 AFF Suzuki Cup,2014,Chris Greatwich,MF,Kaya,https://en.wikipedia.org/wiki/2014_AFF_Championship_squads
2014 AFF Suzuki Cup,2014,Jerry Lucena,MF,Esbjerg,https://en.wikipedia.org/wiki/2014_AFF_Championship_squads
2014 AFF Suzuki Cup,2014,Martin Steuble,MF,Sporting Kansas City,https://en.wikipedia.org/wiki/2014_AFF_Championship_squads
2014 AFF Suzuki Cup,2014,Paul Mulders,MF,Ceres,https://en.wikipedia.org/wiki/2014_AFF_Championship_squads
2014 AFF Suzuki Cup,2014,Simone Rota,DF,Stallion,https://en.wikipedia.org/wiki/2014_AFF_Championship_squads
2014 AFF Suzuki Cup,2014,Simon Greatwich,MF,Loyola Meralco Sparks,https://en.wikipedia.org/wiki/2014_AFF_Championship_squads
2014 AFF Suzuki Cup,2014,Mark Hartmann,FW,Global,https://en.wikipedia.org/wiki/2014_AFF_Championship_squads
2014 AFF Suzuki Cup,2014,Tomas Trigo,GK,Team Socceroo,https://en.wikipedia.org/wiki/2014_AFF_Championship_squads
2014 AFF Suzuki Cup,2014,Curt Dizon,MF,Global,https://en.wikipedia.org/wiki/2014_AFF_Championship_squads
2014 AFF Suzuki Cup,2014,Patrick Reichelt,FW,Ceres,https://en.wikipedia.org/wiki/2014_AFF_Championship_squads
2014 AFF Suzuki Cup,2014,Kenshiro Daniels,DF,Kaya,https://en.wikipedia.org/wiki/2014_AFF_Championship_squads
2014 AFF Suzuki Cup,2014,Dennis Villanueva,MF,Global,https://en.wikipedia.org/wiki/2014_AFF_Championship_squads
2016 AFF Suzuki Cup,2016,Junior Muñoz,DF,Kaya,https://en.wikipedia.org/wiki/2016_AFF_Championship_squads
2016 AFF Suzuki Cup,2016,OJ Porteria,FW,Kaya,https://en.wikipedia.org/wiki/2016_AFF_Championship_squads
2016 AFF Suzuki Cup,2016,Mike Ott,MF,1. FC Nürnberg II,https://en.wikipedia.org/wiki/2016_AFF_Championship_squads
2016 AFF Suzuki Cup,2016,Iain Ramsay,MF,Melbourne City,https://en.wikipedia.org/wiki/2016_AFF_Championship_squads
2016 AFF Suzuki Cup,2016,Manuel Ott,MF,Ceres,https://en.wikipedia.org/wiki/2016_AFF_Championship_squads
2016 AFF Suzuki Cup,2016,Misagh Bahadoran,FW,Global,https://en.wikipedia.org/wiki/2016_AFF_Championship_squads
2016 AFF Suzuki Cup,2016,Phil Younghusband,FW,Loyola Meralco Sparks,https://en.wikipedia.org/wiki/2016_AFF_Championship_squads
2016 AFF Suzuki Cup,2016,Amani Aguinaldo,DF,Global,https://en.wikipedia.org/wiki/2016_AFF_Championship_squads
2016 AFF Suzuki Cup,2016,Dennis Villanueva,MF,Global,https://en.wikipedia.org/wiki/2016_AFF_Championship_squads
2016 AFF Suzuki Cup,2016,Kevin Ingreso,MF,Ceres,https://en.wikipedia.org/wiki/2016_AFF_Championship_squads
2016 AFF Suzuki Cup,2016,Roland Müller,GK,Ceres,https://en.wikipedia.org/wiki/2016_AFF_Championship_squads
2016 AFF Suzuki Cup,2016,Patrick Deyto,GK,Global,https://en.wikipedia.org/wiki/2016_AFF_Championship_squads
2016 AFF Suzuki Cup,2016,Stephan Schröck,MF,Ceres,https://en.wikipedia.org/wiki/2016_AFF_Championship_squads
2016 AFF Suzuki Cup,2016,Daniel Gadia,MF,Loyola Meralco Sparks,https://en.wikipedia.org/wiki/2016_AFF_Championship_squads
2016 AFF Suzuki Cup,2016,Martin Steuble,DF,Ceres,https://en.wikipedia.org/wiki/2016_AFF_Championship_squads
2016 AFF Suzuki Cup,2016,Kenshiro Daniels,FW,Kaya,https://en.wikipedia.org/wiki/2016_AFF_Championship_squads
2016 AFF Suzuki Cup,2016,James Younghusband,FW,Loyola Meralco Sparks,https://en.wikipedia.org/wiki/2016_AFF_Championship_squads
2016 AFF Suzuki Cup,2016,Mark Hartmann,FW,Geylang International,https://en.wikipedia.org/wiki/2016_AFF_Championship_squads
2016 AFF Suzuki Cup,2016,Jeffrey Christiaens,DF,Ceres,https://en.wikipedia.org/wiki/2016_AFF_Championship_squads
2016 AFF Suzuki Cup,2016,Nick O'Donnell,GK,Global,https://en.wikipedia.org/wiki/2016_AFF_Championship_squads
2016 AFF Suzuki Cup,2016,Marco Casambre,DF,Global,https://en.wikipedia.org/wiki/2016_AFF_Championship_squads
2016 AFF Suzuki Cup,2016,Shirmar Felongco,DF,Kaya,https://en.wikipedia.org/wiki/2016_AFF_Championship_squads
2016 AFF Suzuki Cup,2016,Hikaru Minegishi,FW,Global,https://en.wikipedia.org/wiki/2016_AFF_Championship_squads
2018 AFF Suzuki Cup,2018,Neil Etheridge,GK,Cardiff City,https://en.wikipedia.org/wiki/2018_AFF_Championship_squads
2018 AFF Suzuki Cup,2018,Carli de Murga,DF,Ceres–Negros,https://en.wikipedia.org/wiki/2018_AFF_Championship_squads
2018 AFF Suzuki Cup,2018,Mike Ott,FW,Ceres–Negros,https://en.wikipedia.org/wiki/2018_AFF_Championship_squads
2018 AFF Suzuki Cup,2018,Luke Woodland,DF,Suphanburi,https://en.wikipedia.org/wiki/2018_AFF_Championship_squads
2018 AFF Suzuki Cup,2018,Iain Ramsay,MF,FELDA United,https://en.wikipedia.org/wiki/2018_AFF_Championship_squads
2018 AFF Suzuki Cup,2018,Manuel Ott,MF,Ceres–Negros,https://en.wikipedia.org/wiki/2018_AFF_Championship_squads
2018 AFF Suzuki Cup,2018,Phil Younghusband,FW,Davao Aguilas,https://en.wikipedia.org/wiki/2018_AFF_Championship_squads
2018 AFF Suzuki Cup,2018,Daisuke Sato,DF,Sepsi Sfântu Gheorghe,https://en.wikipedia.org/wiki/2018_AFF_Championship_squads
2018 AFF Suzuki Cup,2018,Amani Aguinaldo,DF,Ceres–Negros,https://en.wikipedia.org/wiki/2018_AFF_Championship_squads
2018 AFF Suzuki Cup,2018,Kevin Ingreso,MF,Ceres–Negros,https://en.wikipedia.org/wiki/2018_AFF_Championship_squads
2018 AFF Suzuki Cup,2018,Michael Falkesgaard,GK,Bangkok United,https://en.wikipedia.org/wiki/2018_AFF_Championship_squads
2018 AFF Suzuki Cup,2018,Patrick Deyto,GK,Davao Aguilas,https://en.wikipedia.org/wiki/2018_AFF_Championship_squads
2018 AFF Suzuki Cup,2018,Stephan Schröck,MF,Ceres–Negros,https://en.wikipedia.org/wiki/2018_AFF_Championship_squads
2018 AFF Suzuki Cup,2018,Curt Dizon,MF,Ceres–Negros,https://en.wikipedia.org/wiki/2018_AFF_Championship_squads
2018 AFF Suzuki Cup,2018,Martin Steuble,MF,Ceres–Negros,https://en.wikipedia.org/wiki/2018_AFF_Championship_squads
2018 AFF Suzuki Cup,2018,Paul Mulders,MF,Ceres–Negros,https://en.wikipedia.org/wiki/2018_AFF_Championship_squads
2018 AFF Suzuki Cup,2018,James Younghusband,MF,Davao Aguilas,https://en.wikipedia.org/wiki/2018_AFF_Championship_squads
2018 AFF Suzuki Cup,2018,Stephan Palla,DF,Buriram United,https://en.wikipedia.org/wiki/2018_AFF_Championship_squads
2018 AFF Suzuki Cup,2018,Jovin Bedic,FW,Kaya–Iloilo,https://en.wikipedia.org/wiki/2018_AFF_Championship_squads
2018 AFF Suzuki Cup,2018,Patrick Reichelt,FW,Ceres–Negros,https://en.wikipedia.org/wiki/2018_AFF_Championship_squads
2018 AFF Suzuki Cup,2018,Adam Reed,MF,Davao Aguilas,https://en.wikipedia.org/wiki/2018_AFF_Championship_squads
2018 AFF Suzuki Cup,2018,Álvaro Silva,DF,Unattached,https://en.wikipedia.org/wiki/2018_AFF_Championship_squads
2018 AFF Suzuki Cup,2018,John-Patrick Strauß,DF,Erzgebirge Aue,https://en.wikipedia.org/wiki/2018_AFF_Championship_squads
2019 AFC Asian Cup,2019,Nathanael Villanueva,GK,Kaya FC-Iloilo,https://en.wikipedia.org/wiki/2019_AFC_Asian_Cup_squads
2019 AFC Asian Cup,2019,Álvaro Silva,DF,Kedah,https://en.wikipedia.org/wiki/2019_AFC_Asian_Cup_squads
2019 AFC Asian Cup,2019,Carli de Murga,DF,Ceres–Negros,https://en.wikipedia.org/wiki/2019_AFC_Asian_Cup_squads
2019 AFC Asian Cup,2019,John-Patrick Strauß,DF,Erzgebirge Aue,https://en.wikipedia.org/wiki/2019_AFC_Asian_Cup_squads
2019 AFC Asian Cup,2019,Mike Ott,MF,Ceres–Negros,https://en.wikipedia.org/wiki/2019_AFC_Asian_Cup_squads
2019 AFC Asian Cup,2019,Luke Woodland,DF,Suphanburi,https://en.wikipedia.org/wiki/2019_AFC_Asian_Cup_squads
2019 AFC Asian Cup,2019,Iain Ramsay,FW,Sukhothai,https://en.wikipedia.org/wiki/2019_AFC_Asian_Cup_squads
2019 AFC Asian Cup,2019,Manuel Ott,MF,Ceres–Negros,https://en.wikipedia.org/wiki/2019_AFC_Asian_Cup_squads
2019 AFC Asian Cup,2019,Jovin Bedic,FW,Kaya FC-Iloilo,https://en.wikipedia.org/wiki/2019_AFC_Asian_Cup_squads
2019 AFC Asian Cup,2019,Phil Younghusband,FW,Davao Aguilas,https://en.wikipedia.org/wiki/2019_AFC_Asian_Cup_squads
2019 AFC Asian Cup,2019,Daisuke Sato,DF,Sepsi OSK,https://en.wikipedia.org/wiki/2019_AFC_Asian_Cup_squads
2019 AFC Asian Cup,2019,Stephan Palla,MF,Buriram United,https://en.wikipedia.org/wiki/2019_AFC_Asian_Cup_squads
2019 AFC Asian Cup,2019,Adam Reed,MF,Chainat Hornbil,https://en.wikipedia.org/wiki/2019_AFC_Asian_Cup_squads
2019 AFC Asian Cup,2019,Kevin Ingreso,MF,Ceres–Negros,https://en.wikipedia.org/wiki/2019_AFC_Asian_Cup_squads
2019 AFC Asian Cup,2019,Michael Falkesgaard,GK,Bangkok United,https://en.wikipedia.org/wiki/2019_AFC_Asian_Cup_squads
2019 AFC Asian Cup,2019,Kevin Ray Mendoza,GK,Horsens,https://en.wikipedia.org/wiki/2019_AFC_Asian_Cup_squads
2019 AFC Asian Cup,2019,Stephan Schröck,MF,Ceres–Negros,https://en.wikipedia.org/wiki/2019_AFC_Asian_Cup_squads
2019 AFC Asian Cup,2019,Patrick Reichelt,MF,Ceres–Negros,https://en.wikipedia.org/wiki/2019_AFC_Asian_Cup_squads
2019 AFC Asian Cup,2019,Curt Dizon,DF,Ceres–Negros,https://en.wikipedia.org/wiki/2019_AFC_Asian_Cup_squads
2019 AFC Asian Cup,2019,Javier Patiño,FW,Buriram United,https://en.wikipedia.org/wiki/2019_AFC_Asian_Cup_squads
2019 AFC Asian Cup,2019,Miguel Tanton,MF,Ceres–Negros,https://en.wikipedia.org/wiki/2019_AFC_Asian_Cup_squads
2019 AFC Asian Cup,2019,Amani Aguinaldo,DF,Ceres–Negros,https://en.wikipedia.org/wiki/2019_AFC_Asian_Cup_squads
2019 AFC Asian Cup,2019,James Younghusband,FW,Davao Aguilas,https://en.wikipedia.org/wiki/2019_AFC_Asian_Cup_squads
2020 AFF Suzuki Cup,2021,Bernd Schipmann,GK,Ratchaburi Mitr Phol,https://en.wikipedia.org/wiki/2020_AFF_Championship_squads
2020 AFF Suzuki Cup,2021,Jesper Nyholm,DF,Djurgårdens IF,https://en.wikipedia.org/wiki/2020_AFF_Championship_squads
2020 AFF Suzuki Cup,2021,Kevin Ingreso,MF,Samut Prakan City,https://en.wikipedia.org/wiki/2020_AFF_Championship_squads
2020 AFF Suzuki Cup,2021,Iain Ramsay,MF,Nongbua Pitchaya,https://en.wikipedia.org/wiki/2020_AFF_Championship_squads
2020 AFF Suzuki Cup,2021,Ángel Guirado,FW,Alhaurín de la Torre,https://en.wikipedia.org/wiki/2020_AFF_Championship_squads
2020 AFF Suzuki Cup,2021,Bienvenido Marañón,FW,United City,https://en.wikipedia.org/wiki/2020_AFF_Championship_squads
2020 AFF Suzuki Cup,2021,Mike Ott,MF,United City,https://en.wikipedia.org/wiki/2020_AFF_Championship_squads
2020 AFF Suzuki Cup,2021,Daisuke Sato,DF,Suphanburi,https://en.wikipedia.org/wiki/2020_AFF_Championship_squads
2020 AFF Suzuki Cup,2021,Amani Aguinaldo,DF,Nongbua Pitchaya,https://en.wikipedia.org/wiki/2020_AFF_Championship_squads
2020 AFF Suzuki Cup,2021,Justin Baas,DF,United City,https://en.wikipedia.org/wiki/2020_AFF_Championship_squads
2020 AFF Suzuki Cup,2021,Oskari Kekkonen,MF,ADT,https://en.wikipedia.org/wiki/2020_AFF_Championship_squads
2020 AFF Suzuki Cup,2021,Quincy Kammeraad,GK,ADT,https://en.wikipedia.org/wiki/2020_AFF_Championship_squads
2020 AFF Suzuki Cup,2021,Kevin Ray Mendoza,GK,Kuala Lumpur City,https://en.wikipedia.org/wiki/2020_AFF_Championship_squads
2020 AFF Suzuki Cup,2021,Stephan Schröck,MF,United City,https://en.wikipedia.org/wiki/2020_AFF_Championship_squads
2020 AFF Suzuki Cup,2021,Kenshiro Daniels,FW,Kaya-Iloilo,https://en.wikipedia.org/wiki/2020_AFF_Championship_squads
2020 AFF Suzuki Cup,2021,Yrick Gallantes,MF,ADT,https://en.wikipedia.org/wiki/2020_AFF_Championship_squads
2020 AFF Suzuki Cup,2021,Christian Rontini,DF,ADT,https://en.wikipedia.org/wiki/2020_AFF_Championship_squads
2020 AFF Suzuki Cup,2021,Oliver Bias,FW,ADT,https://en.wikipedia.org/wiki/2020_AFF_Championship_squads
2020 AFF Suzuki Cup,2021,Amin Nazari,MF,United City,https://en.wikipedia.org/wiki/2020_AFF_Championship_squads
2020 AFF Suzuki Cup,2021,Martin Steuble,DF,Muangkan United,https://en.wikipedia.org/wiki/2020_AFF_Championship_squads
2020 AFF Suzuki Cup,2021,Mar Diano,DF,ADT,https://en.wikipedia.org/wiki/2020_AFF_Championship_squads
2020 AFF Suzuki Cup,2021,Patrick Reichelt,FW,Suphanburi,https://en.wikipedia.org/wiki/2020_AFF_Championship_squads
2020 AFF Suzuki Cup,2021,Sandro Reyes,MF,ADT,https://en.wikipedia.org/wiki/2020_AFF_Championship_squads
2022 AFF Championship,2022,Kevin Ray Mendoza,GK,Kuala Lumpur City,https://en.wikipedia.org/wiki/2022_AFF_Championship_squads
2022 AFF Championship,2022,Simen Lyngbø,DF,United City,https://en.wikipedia.org/wiki/2022_AFF_Championship_squads
2022 AFF Championship,2022,Paul Tabinas,DF,Iwate Grulla Morioka,https://en.wikipedia.org/wiki/2022_AFF_Championship_squads
2022 AFF Championship,2022,Jefferson Tabinas,DF,Mito HollyHock,https://en.wikipedia.org/wiki/2022_AFF_Championship_squads
2022 AFF Championship,2022,Kamil Amirul,DF,ADT,https://en.wikipedia.org/wiki/2022_AFF_Championship_squads
2022 AFF Championship,2022,Sandro Reyes,MF,Kaya–Iloilo,https://en.wikipedia.org/wiki/2022_AFF_Championship_squads
2022 AFF Championship,2022,Jesus Melliza,MF,Kaya–Iloilo,https://en.wikipedia.org/wiki/2022_AFF_Championship_squads
2022 AFF Championship,2022,Arnel Amita,MF,Kaya–Iloilo,https://en.wikipedia.org/wiki/2022_AFF_Championship_squads
2022 AFF Championship,2022,Kenshiro Daniels,FW,United City,https://en.wikipedia.org/wiki/2022_AFF_Championship_squads
2022 AFF Championship,2022,Oliver Bias,FW,Chiangmai United,https://en.wikipedia.org/wiki/2022_AFF_Championship_squads
2022 AFF Championship,2022,Yrick Gallantes,FW,ADT,https://en.wikipedia.org/wiki/2022_AFF_Championship_squads
2022 AFF Championship,2022,Amani Aguinaldo,DF,Nakhon Ratchasima,https://en.wikipedia.org/wiki/2022_AFF_Championship_squads
2022 AFF Championship,2022,Sebastian Rasmussen,DF,Randers Freja,https://en.wikipedia.org/wiki/2022_AFF_Championship_squads
2022 AFF Championship,2022,Jarvey Gayoso,FW,Kaya–Iloilo,https://en.wikipedia.org/wiki/2022_AFF_Championship_squads
2022 AFF Championship,2022,Anthony Pinthus,GK,United City,https://en.wikipedia.org/wiki/2022_AFF_Championship_squads
2022 AFF Championship,2022,Julian Schwarzer,GK,ADT,https://en.wikipedia.org/wiki/2022_AFF_Championship_squads
2022 AFF Championship,2022,Stephan Schröck,MF,ADT,https://en.wikipedia.org/wiki/2022_AFF_Championship_squads
2022 AFF Championship,2022,Christian Rontini,DF,Penang,https://en.wikipedia.org/wiki/2022_AFF_Championship_squads
2022 AFF Championship,2022,Hikaru Minegishi,FW,United City,https://en.wikipedia.org/wiki/2022_AFF_Championship_squads
2022 AFF Championship,2022,Mark Hartmann,FW,United City,https://en.wikipedia.org/wiki/2022_AFF_Championship_squads
2022 AFF Championship,2022,Harry Nuñez,MF,ADT,https://en.wikipedia.org/wiki/2022_AFF_Championship_squads
2022 AFF Championship,2022,Pocholo Bugas,DF,United City,https://en.wikipedia.org/wiki/2022_AFF_Championship_squads
2022 AFF Championship,2022,Audie Menzi,DF,Kaya–Iloilo,https://en.wikipedia.org/wiki/2022_AFF_Championship_squads
2024 ASEAN Championship,2024,Patrick Deyto,GK,Kaya–Iloilo,https://en.wikipedia.org/wiki/2024_ASEAN_Championship_squads
2024 ASEAN Championship,2024,Adrian Ugelvik,DF,Levanger,https://en.wikipedia.org/wiki/2024_ASEAN_Championship_squads
2024 ASEAN Championship,2024,Paul Tabinas,DF,Vukovar 1991,https://en.wikipedia.org/wiki/2024_ASEAN_Championship_squads
2024 ASEAN Championship,2024,Kike Linares,DF,Lamphun Warriors,https://en.wikipedia.org/wiki/2024_ASEAN_Championship_squads
2024 ASEAN Championship,2024,Scott Woods,MF,Muangthong United,https://en.wikipedia.org/wiki/2024_ASEAN_Championship_squads
2024 ASEAN Championship,2024,Sandro Reyes,MF,FC Gütersloh,https://en.wikipedia.org/wiki/2024_ASEAN_Championship_squads
2024 ASEAN Championship,2024,Pocholo Bugas,MF,Angkor Tiger,https://en.wikipedia.org/wiki/2024_ASEAN_Championship_squads
2024 ASEAN Championship,2024,Michael Baldisimo,MF,San Jose Earthquakes,https://en.wikipedia.org/wiki/2024_ASEAN_Championship_squads
2024 ASEAN Championship,2024,Jarvey Gayoso,FW,Phnom Penh Crown,https://en.wikipedia.org/wiki/2024_ASEAN_Championship_squads
2024 ASEAN Championship,2024,Bjørn Martin Kristensen,FW,Aalesund,https://en.wikipedia.org/wiki/2024_ASEAN_Championship_squads
2024 ASEAN Championship,2024,Uriel Dalapo,FW,Davao Aguilas,https://en.wikipedia.org/wiki/2024_ASEAN_Championship_squads
2024 ASEAN Championship,2024,Amani Aguinaldo,DF,Rayong,https://en.wikipedia.org/wiki/2024_ASEAN_Championship_squads
2024 ASEAN Championship,2024,Alex Monis,FW,New England Revolution II,https://en.wikipedia.org/wiki/2024_ASEAN_Championship_squads
2024 ASEAN Championship,2024,Dov Cariño,FW,Ateneo de Manila University,https://en.wikipedia.org/wiki/2024_ASEAN_Championship_squads
2024 ASEAN Championship,2024,Nicholas Guimarães,GK,Ichiritsu Funabashi High School,https://en.wikipedia.org/wiki/2024_ASEAN_Championship_squads
2024 ASEAN Championship,2024,Quincy Kammeraad,GK,One Taguig,https://en.wikipedia.org/wiki/2024_ASEAN_Championship_squads
2024 ASEAN Championship,2024,Zico Bailey,MF,New Mexico United,https://en.wikipedia.org/wiki/2024_ASEAN_Championship_squads
2024 ASEAN Championship,2024,Patrick Reichelt,FW,Kuala Lumpur City,https://en.wikipedia.org/wiki/2024_ASEAN_Championship_squads
2024 ASEAN Championship,2024,Oskari Kekkonen,MF,Lamphun Warriors,https://en.wikipedia.org/wiki/2024_ASEAN_Championship_squads
2024 ASEAN Championship,2024,Michael Kempter,DF,Grasshoppers,https://en.wikipedia.org/wiki/2024_ASEAN_Championship_squads
2024 ASEAN Championship,2024,Santiago Rublico,DF,Collado Villalba,https://en.wikipedia.org/wiki/2024_ASEAN_Championship_squads
2024 ASEAN Championship,2024,Florencio Badelic,GK,Dynamic Herb Cebu,https://en.wikipedia.org/wiki/2024_ASEAN_Championship_squads
2024 ASEAN Championship,2024,Christian Rontini,DF,Madura United,https://en.wikipedia.org/wiki/2024_ASEAN_Championship_squads
2024 ASEAN Championship,2024,Javier Mariona,MF,Central Valley Fuego,https://en.wikipedia.org/wiki/2024_ASEAN_Championship_squads
2024 ASEAN Championship,2024,Joshua Meriño,DF,PFF Developmental Team,https://en.wikipedia.org/wiki/2024_ASEAN_Championship_squads
2024 ASEAN Championship,2024,Leo Maquiling,FW,Ateneo de Manila University,https://en.wikipedia.org/wiki/2024_ASEAN_Championship_squads
2014 World Cup qualification (scorers),2011,Nate Burkey,,,https://en.wikipedia.org/wiki/2014_FIFA_World_Cup_qualification_%E2%80%93_AFC_first_round
2014 World Cup qualification (scorers),2011,Phil Younghusband,,,https://en.wikipedia.org/wiki/2014_FIFA_World_Cup_qualification_%E2%80%93_AFC_first_round
2014 World Cup qualification (scorers),2011,Emelio Caligdong,,,https://en.wikipedia.org/wiki/2014_FIFA_World_Cup_qualification_%E2%80%93_AFC_first_round
2014 World Cup qualification (scorers),2011,Ángel Guirado,,,https://en.wikipedia.org/wiki/2014_FIFA_World_Cup_qualification_%E2%80%93_AFC_first_round
2018 World Cup qualification (scorers),2016,Misagh Bahadoran,,,https://en.wikipedia.org/wiki/2018_FIFA_World_Cup_qualification_%E2%80%93_AFC_second_round
2018 World Cup qualification (scorers),2016,Javier Patiño,,,https://en.wikipedia.org/wiki/2018_FIFA_World_Cup_qualification_%E2%80%93_AFC_second_round
2018 World Cup qualification (scorers),2016,Iain Ramsay,,,https://en.wikipedia.org/wiki/2018_FIFA_World_Cup_qualification_%E2%80%93_AFC_second_round
2018 World Cup qualification (scorers),2016,Stephan Schröck,,,https://en.wikipedia.org/wiki/2018_FIFA_World_Cup_qualification_%E2%80%93_AFC_second_round
2018 World Cup qualification (scorers),2016,Manuel Ott,,,https://en.wikipedia.org/wiki/2018_FIFA_World_Cup_qualification_%E2%80%93_AFC_second_round
2022 World Cup qualification (scorers),2021,Ángel Guirado,,,https://en.wikipedia.org/wiki/2022_FIFA_World_Cup_qualification_%E2%80%93_AFC_second_round
2022 World Cup qualification (scorers),2021,John-Patrick Strauß,,,https://en.wikipedia.org/wiki/2022_FIFA_World_Cup_qualification_%E2%80%93_AFC_second_round
2022 World Cup qualification (scorers),2021,Mark Hartmann,,,https://en.wikipedia.org/wiki/2022_FIFA_World_Cup_qualification_%E2%80%93_AFC_second_round
2022 World Cup qualification (scorers),2021,Mike Ott,,,https://en.wikipedia.org/wiki/2022_FIFA_World_Cup_qualification_%E2%80%93_AFC_second_round
2022 World Cup qualification (scorers),2021,Javier Patiño,,,https://en.wikipedia.org/wiki/2022_FIFA_World_Cup_qualification_%E2%80%93_AFC_second_round
2022 World Cup qualification (scorers),2021,Iain Ramsay,,,https://en.wikipedia.org/wiki/2022_FIFA_World_Cup_qualification_%E2%80%93_AFC_second_round
2022 World Cup qualification (scorers),2021,Patrick Reichelt,,,https://en.wikipedia.org/wiki/2022_FIFA_World_Cup_qualification_%E2%80%93_AFC_second_round
2022 World Cup qualification (scorers),2021,Stephan Schröck,,,https://en.wikipedia.org/wiki/2022_FIFA_World_Cup_qualification_%E2%80%93_AFC_second_round
2026 World Cup qualification (scorers),2024,Patrick Reichelt,,,https://en.wikipedia.org/wiki/2026_FIFA_World_Cup_qualification_%E2%80%93_AFC_second_round
2026 World Cup qualification (scorers),2024,Kevin Ingreso,,,https://en.wikipedia.org/wiki/2026_FIFA_World_Cup_qualification_%E2%80%93_AFC_second_round
